variant,window,fee_bps_per_fill,n_obs,total_return,cagr,vol,sharpe,max_dd,mean_return,mean_return_bps,hit_rate,tstat_mean,annualization_factor,risk_free_rate,vol_eps,sharpe_ddof
primary_22_00_fee_0bps,22-00,0,697,-0.032983624786152244,-0.017410563416605296,0.11836960467529596,-0.08919550303155954,-0.14267674956686915,-2.892612721276676e-05,-0.2892612721276676,0.4720229555236729,-0.12316892378136567,365.0,0.0,1e-12,0
primary_22_00_fee_1bps,22-00,1,697,-0.15883141212999619,-0.08659520274449994,0.11836960467529596,-0.7059078778025062,-0.20560303306892325,-0.00022892612721276656,-2.2892612721276655,0.4562410329985653,-0.974779116016184,365.0,0.0,1e-12,0
primary_22_00_fee_5bps,22-00,5,697,-0.5185416550413529,-0.318031038972695,0.11836960467529596,-3.1727573768862976,-0.5191880013983227,-0.0010289261272127673,-10.289261272127673,0.3931133428981349,-4.381219884955464,365.0,0.0,1e-12,0
primary_22_00_fee_10bps,22-00,10,697,-0.7604587858518674,-0.5268506324078307,0.11836960467529598,-6.256319250741032,-0.7604587858518674,-0.002028926127212767,-20.28926127212767,0.3242467718794835,-8.639270846129559,365.0,0.0,1e-12,0
primary_22_00_fee_20bps,22-00,20,697,-0.9408287450408626,-0.7724966943725086,0.11836960467529596,-12.423442998450506,-0.9408287450408626,-0.004028926127212768,-40.289261272127675,0.19225251076040173,-17.155372768477754,365.0,0.0,1e-12,0
buyhold_gross,buyhold,,697,0.08180578057511445,0.04203681124933434,0.44616135432141524,0.31516406141930225,-0.5281556945778261,0.00038524390267472225,3.8524390267472226,0.5021520803443329,0.4352060018748344,365.0,0.0,1e-12,0
placebo_00-02_fee_0bps,00-02,0,696,-0.01403157555340584,-0.007383235882528538,0.13308257073875338,0.011130269652268578,-0.176747873079649,4.058205200929954e-06,0.04058205200929954,0.5086206896551724,0.015358600933347616,365.0,0.0,1e-12,0
placebo_00-02_fee_1bps,00-02,1,696,-0.1421715188237318,-0.07727238579496976,0.13308257073875338,-0.5374013644660861,-0.2279227472840566,-0.00019594179479906986,-1.9594179479906986,0.4885057471264368,-0.7415573347038211,365.0,0.0,1e-12,0
placebo_00-02_fee_5bps,00-02,5,696,-0.5086066691829625,-0.3110658706874193,0.13308257073875338,-2.731527900939508,-0.516629528236789,-0.0009959417947990705,-9.959417947990705,0.4281609195402299,-3.769221077252501,365.0,0.0,1e-12,0
placebo_00-02_fee_10bps,00-02,10,696,-0.755266967098325,-0.5220142635315939,0.13308257073875338,-5.4741860715312844,-0.755266967098325,-0.0019959417947990705,-19.959417947990705,0.34339080459770116,-7.553800755438348,365.0,0.0,1e-12,0
placebo_00-02_fee_20bps,00-02,20,696,-0.9394229556650959,-0.7701674346124009,0.13308257073875338,-10.959502412714839,-0.9394229556650959,-0.003995941794799071,-39.959417947990715,0.20689655172413793,-15.122960111810047,365.0,0.0,1e-12,0
placebo_02-04_fee_0bps,02-04,0,695,0.1536304225029559,0.07794395345317051,0.1213671958855661,0.6788324388961885,-0.11111076241730478,0.00022572051941093232,2.257205194109323,0.5194244604316547,0.9360431953325231,365.0,0.0,1e-12,0
placebo_02-04_fee_1bps,02-04,1,695,0.003933483285768258,0.0020638607759762007,0.1213671958855661,0.07735195261363732,-0.15092755416377301,2.572051941093247e-05,0.2572051941093247,0.5079136690647482,0.10666073796858082,365.0,0.0,1e-12,0
placebo_02-04_fee_5bps,02-04,5,695,-0.4243783717006565,-0.2517808168609602,0.1213671958855661,-2.328569992516571,-0.43779804448589477,-0.0007742794805890682,-7.742794805890682,0.42158273381294964,-3.2108690914871936,365.0,0.0,1e-12,0
placebo_02-04_fee_10bps,02-04,10,695,-0.7129846210001625,-0.4808382184332243,0.1213671958855661,-5.335972423929329,-0.7129846210001625,-0.0017742794805890682,-17.742794805890682,0.32230215827338127,-7.357781378306908,365.0,0.0,1e-12,0
placebo_02-04_fee_20bps,02-04,20,695,-0.9287914974619603,-0.7503262733379135,0.1213671958855661,-11.350777286754843,-0.9287914974619603,-0.003774279480589068,-37.742794805890675,0.19424460431654678,-15.651605951946335,365.0,0.0,1e-12,0
placebo_04-06_fee_0bps,04-06,0,696,-0.008204507492678426,-0.004311079410050933,0.09590827385135739,0.0028488861828447148,-0.15317926166259854,7.485801539606003e-07,0.0074858015396060025,0.4985632183908046,0.003931163157212621,365.0,0.0,1e-12,0
placebo_04-06_fee_1bps,04-06,1,696,-0.13709931031299194,-0.07441516038487728,0.09590827385135739,-0.7582950388255272,-0.1983706566159733,-0.00019925141984603932,-1.9925141984603931,0.46839080459770116,-1.0463673617004279,365.0,0.0,1e-12,0
placebo_04-06_fee_5bps,04-06,5,696,-0.5056955201686094,-0.3089284694701958,0.09590827385135739,-3.8028707388590175,-0.5088529659979596,-0.0009992514198460397,-9.992514198460396,0.3864942528735632,-5.247561461130993,365.0,0.0,1e-12,0
placebo_04-06_fee_10bps,04-06,10,696,-0.7538135954376366,-0.5205277436111946,0.09590827385135739,-7.60859036390088,-0.7546524088381203,-0.00199925141984604,-19.9925141984604,0.28735632183908044,-10.499054085419198,365.0,0.0,1e-12,0
placebo_04-06_fee_20bps,04-06,20,696,-0.9390614688326446,-0.7694492026820936,0.09590827385135739,-15.2200296139846,-0.9391077307731015,-0.0039992514198460396,-39.9925141984604,0.15804597701149425,-21.002039333995604,365.0,0.0,1e-12,0
placebo_06-08_fee_0bps,06-08,0,696,-0.08107469879650697,-0.043371724814208146,0.10724941600224074,-0.35974206468629377,-0.1827364278411292,-0.00010570445575080911,-1.0570445575080911,0.5028735632183908,-0.49640619527391,365.0,0.0,1e-12,0
placebo_06-08_fee_1bps,06-08,1,696,-0.2005117769865532,-0.1107329673310613,0.10724941600224074,-1.0403984516495082,-0.26579095395221985,-0.00030570445575080896,-3.05704455750809,0.47701149425287354,-1.4356403869604981,365.0,0.0,1e-12,0
placebo_06-08_fee_5bps,06-08,5,696,-0.5420495662726872,-0.3360664254257687,0.10724941600224074,-3.76302399950237,-0.556377545603645,-0.0011057044557508096,-11.057044557508096,0.382183908045977,-5.192577153706857,365.0,0.0,1e-12,0
placebo_06-08_fee_10bps,06-08,10,696,-0.7719375567624561,-0.5393753605770466,0.10724941600224074,-7.166305934318444,-0.7752660155338462,-0.0021057044557508094,-21.057044557508092,0.28448275862068967,-9.8887481121398,365.0,0.0,1e-12,0
placebo_06-08_fee_20bps,06-08,20,696,-0.9435566172182239,-0.7785303054419268,0.10724941600224076,-13.972869803950594,-0.9440608539317429,-0.00410570445575081,-41.0570445575081,0.16235632183908047,-19.281090029005693,365.0,0.0,1e-12,0
placebo_08-10_fee_0bps,08-10,0,696,0.1161732128460824,0.059330937065157796,0.10399520165686378,0.6063005491339626,-0.10418253477343142,0.0001727461585530238,1.727461585530238,0.507183908045977,0.8366309596030396,365.0,0.0,1e-12,0
placebo_08-10_fee_1bps,08-10,1,696,-0.028863207362918586,-0.015241984630568473,0.10399520165686378,-0.09565491455047044,-0.1250309606069222,-2.7253841446976026e-05,-0.27253841446976024,0.4870689655172414,-0.13199371675552388,365.0,0.0,1e-12,0
placebo_08-10_fee_5bps,08-10,5,696,-0.4436415544527308,-0.2647118658313745,0.10399520165686378,-2.9034767692882064,-0.4484315666029238,-0.0008272538414469766,-8.272538414469766,0.4051724137931034,-4.006492422189783,365.0,0.0,1e-12,0
placebo_08-10_fee_10bps,08-10,10,696,-0.7228754648577818,-0.489818548581341,0.10399520165686378,-6.413254087710374,-0.7238859242841853,-0.0018272538414469766,-18.272538414469764,0.33045977011494254,-8.849615803982605,365.0,0.0,1e-12,0
placebo_08-10_fee_20bps,08-10,20,696,-0.9313872632722275,-0.7546527341536793,0.10399520165686378,-13.432808724554711,-0.9314247436301217,-0.003827253841446977,-38.27253841446977,0.1810344827586207,-18.53586256756825,365.0,0.0,1e-12,0
placebo_10-12_fee_0bps,10-12,0,696,0.008544361398780342,0.0044718132548118295,0.09341871720526011,0.09456787218946625,-0.10856298031873557,2.420386111992036e-05,0.2420386111992036,0.5387931034482759,0.1304937126817767,365.0,0.0,1e-12,0
placebo_10-12_fee_1bps,10-12,1,696,-0.12252413363238657,-0.06624897120273299,0.09341871720526011,-0.6868601133779652,-0.18828860499364053,-0.00017579613888007954,-1.7579613888007954,0.5158045977011494,-0.9477946813495142,365.0,0.0,1e-12,0
placebo_10-12_fee_5bps,10-12,5,696,-0.4973393672469033,-0.30282630929402443,0.09341871720526011,-3.8125720556476943,-0.5005268638769963,-0.0009757961388800801,-9.757961388800801,0.41954022988505746,-5.260948257474682,365.0,0.0,1e-12,0
placebo_10-12_fee_10bps,10-12,10,696,-0.7496475419638345,-0.5162896431956547,0.09341871720526013,-7.719711983484852,-0.7496475419638345,-0.0019757961388800803,-19.757961388800805,0.2988505747126437,-10.65239022763114,365.0,0.0,1e-12,0
placebo_10-12_fee_20bps,10-12,20,696,-0.9380281079240183,-0.7674071352309568,0.09341871720526011,-15.533991839159173,-0.9380281079240183,-0.00397579613888008,-39.7579613888008,0.15086206896551724,-21.435274167944055,365.0,0.0,1e-12,0
placebo_12-14_fee_0bps,12-14,0,695,-0.30726669887847147,-0.17535219134816238,0.14182830461153412,-1.2880308354366201,-0.3311906702266523,-0.0005004910402119281,-5.004910402119282,0.4589928057553957,-1.7760678921728568,365.0,0.0,1e-12,0
placebo_12-14_fee_1bps,12-14,1,695,-0.39721904180767653,-0.2334434291537708,0.14182830461153412,-1.8027376860892168,-0.40111669503261127,-0.0007004910402119279,-7.004910402119279,0.437410071942446,-2.4857980369605817,365.0,0.0,1e-12,0
placebo_12-14_fee_5bps,12-14,5,695,-0.6545283703231708,-0.4277530525355313,0.14182830461153412,-3.8615650886996087,-0.6562141732825539,-0.0015004910402119287,-15.004910402119286,0.37985611510791367,-5.324718616111489,365.0,0.0,1e-12,0
placebo_12-14_fee_10bps,12-14,10,695,-0.827830618692803,-0.603046679289021,0.14182830461153412,-6.435099341962596,-0.8283284224657967,-0.002500491040211929,-25.00491040211929,0.3064748201438849,-8.87336934005012,365.0,0.0,1e-12,0
placebo_12-14_fee_20bps,12-14,20,695,-0.9573290640875337,-0.8092023552666094,0.14182830461153412,-11.58216784848857,-0.9573355607852002,-0.004500491040211929,-45.00491040211929,0.1971223021582734,-15.970670787927379,365.0,0.0,1e-12,0
placebo_14-16_fee_0bps,14-16,0,696,0.22026532042147862,0.11004045002498852,0.20275865025236198,0.6160249129128775,-0.26916385143529453,0.00034220378044943535,3.4220378044943534,0.5186781609195402,0.85004955836813,365.0,0.0,1e-12,0
placebo_14-16_fee_1bps,14-16,1,696,0.061715939467474,0.031904318175839164,0.20275865025236198,0.25599095180127523,-0.30234855906567104,0.00014220378044943566,1.4220378044943567,0.5014367816091954,0.3532405767422046,365.0,0.0,1e-12,0
placebo_14-16_fee_5bps,14-16,5,696,-0.39171984316482633,-0.22948961913775268,0.20275865025236198,-1.1841448926451386,-0.49924777366498274,-0.0006577962195505654,-6.577962195505655,0.4410919540229885,-1.633995349761503,365.0,0.0,1e-12,0
placebo_14-16_fee_10bps,14-16,10,696,-0.696994675237796,-0.4653625165921874,0.20275865025236198,-2.9843146982031534,-0.710274482999323,-0.0016577962195505655,-16.577962195505656,0.3864942528735632,-4.118040257891134,365.0,0.0,1e-12,0
placebo_14-16_fee_20bps,14-16,20,696,-0.9249703801978216,-0.7428754116060342,0.20275865025236198,-6.584654309319183,-0.9249703801978216,-0.003657796219550566,-36.57796219550566,0.29022988505747127,-9.086130074150399,365.0,0.0,1e-12,0
placebo_16-18_fee_0bps,16-18,0,697,0.007429775818258433,0.003883912457351091,0.16717129134526926,0.10616593275061528,-0.2386241170240454,4.862437280765855e-05,0.4862437280765855,0.5050215208034433,0.14660317207372436,365.0,0.0,1e-12,0
placebo_16-18_fee_1bps,16-18,1,697,-0.12367251303633808,-0.06679734401387549,0.16717129134526923,-0.33051191673269387,-0.25909773257002033,-0.00015137562719234117,-1.5137562719234117,0.4878048780487805,-0.45639965802399785,365.0,0.0,1e-12,0
placebo_16-18_fee_5bps,16-18,5,697,-0.49840656355700763,-0.30324132193496134,0.16717129134526923,-2.0772233146659347,-0.5358377570444652,-0.000951375627192342,-9.51375627192342,0.42754662840746055,-2.8684109784148926,365.0,0.0,1e-12,0
placebo_16-18_fee_10bps,16-18,10,697,-0.7504339196995742,-0.5165824391089255,0.16717129134526923,-4.260612562082484,-0.7639290049353088,-0.001951375627192342,-19.51375627192342,0.3500717360114778,-5.883425128903508,365.0,0.0,1e-12,0
placebo_16-18_fee_20bps,16-18,20,697,-0.9383489465513813,-0.7675526212715171,0.16717129134526926,-8.627391056915581,-0.9399114552779214,-0.003951375627192342,-39.51375627192343,0.23385939741750358,-11.91345342988074,365.0,0.0,1e-12,0
placebo_18-20_fee_0bps,18-20,0,697,-0.11714941368732912,-0.06316609678920804,0.13473293910327755,-0.41667674668078225,-0.18393083696206158,-0.0001538084458528593,-1.538084458528593,0.5294117647058824,-0.575383564295095,365.0,0.0,1e-12,0
placebo_18-20_fee_1bps,18-20,1,697,-0.23205845567038574,-0.12913774377895815,0.13473293910327755,-0.9584893166867171,-0.2503289471293719,-0.00035380844585285913,-3.5380844585285915,0.5107604017216643,-1.323565578754216,365.0,0.0,1e-12,0
placebo_18-20_fee_5bps,18-20,5,697,-0.5604879958291404,-0.34982022110561617,0.13473293910327755,-3.125739596710461,-0.5650384918271503,-0.00115380844585286,-11.5380844585286,0.42037302725968434,-4.316293636590705,365.0,0.0,1e-12,0
placebo_18-20_fee_10bps,18-20,10,697,-0.781349324233798,-0.5489284771917274,0.13473293910327755,-5.834802446740137,-0.7817416580290069,-0.00215380844585286,-21.538084458528598,0.3170731707317073,-8.057203708886313,365.0,0.0,1e-12,0
placebo_18-20_fee_20bps,18-20,20,697,-0.9459994470761635,-0.7831340777818765,0.13473293910327755,-11.25292814679949,-0.9459994470761635,-0.00415380844585286,-41.5380844585286,0.1951219512195122,-15.539023853477529,365.0,0.0,1e-12,0
placebo_20-22_fee_0bps,20-22,0,697,0.27459682759349535,0.13548367695585295,0.11835723229947685,1.1329067428108945,-0.18285242159815074,0.0003673635795411308,3.673635795411308,0.533715925394548,1.56441636084835,365.0,0.0,1e-12,0
placebo_20-22_fee_1bps,20-22,1,697,0.10878167538662065,0.05556420613814406,0.11835723229947685,0.5161299005196727,-0.1976243916782312,0.00016736357954113092,1.6736357954113092,0.5193687230989957,0.7127171462433302,365.0,0.0,1e-12,0
placebo_20-22_fee_5bps,20-22,5,697,-0.3652279978251993,-0.21180028262298622,0.11835723229947685,-1.9509774686452184,-0.4086951750165414,-0.0006326364204588698,-6.326364204588698,0.43902439024390244,-2.6940797121767535,365.0,0.0,1e-12,0
placebo_20-22_fee_10bps,20-22,10,697,-0.684092765796364,-0.4530685243726301,0.11835723229947685,-5.034861680101329,-0.6880938252364942,-0.0016326364204588698,-16.3263642045887,0.351506456241033,-6.952575785201855,365.0,0.0,1e-12,0
placebo_20-22_fee_20bps,20-22,20,697,-0.9219215128284043,-0.7369436927346057,0.11835723229947685,-11.202630103013552,-0.9220070200746935,-0.00363263642045887,-36.3263642045887,0.20373027259684362,-15.469567931252056,365.0,0.0,1e-12,0
