cohort,fee_bps,compare,cagr_left,cagr_right,cagr_delta,sharpe_left,sharpe_right,sharpe_delta,n_obs
full_common_12,0,daily_minus_buyhold,0.33487413135053345,0.27609838132187736,0.05877575002865609,0.7611288074343484,0.7100496575614557,0.05107914987289275,2172
full_common_12,0,weekly_minus_buyhold,0.36329689516768227,0.27609838132187736,0.0871985138458049,0.7885473292425453,0.7100496575614557,0.07849767168108968,2172
full_common_12,0,monthly_minus_buyhold,0.39258928274693705,0.27609838132187736,0.11649090142505969,0.8145931147381914,0.7100496575614557,0.10454345717673574,2172
full_common_12,0,daily_minus_monthly,0.33487413135053345,0.39258928274693705,-0.0577151513964036,0.7611288074343484,0.8145931147381914,-0.053464307303842995,2172
full_common_12,5,daily_minus_buyhold,0.3305420855265022,0.2759845855223855,0.054557500004116743,0.7568018358222974,0.7099477515614266,0.04685408426087079,2172
full_common_12,5,weekly_minus_buyhold,0.36137042976802913,0.2759845855223855,0.08538584424564366,0.7866833236269627,0.7099477515614266,0.07673557206553605,2172
full_common_12,5,monthly_minus_buyhold,0.3914545373641607,0.2759845855223855,0.11546995184177522,0.8135305579304689,0.7099477515614266,0.10358280636904227,2172
full_common_12,5,daily_minus_monthly,0.3305420855265022,0.3914545373641607,-0.06091245183765848,0.7568018358222974,0.8135305579304689,-0.05672872210817148,2172
full_common_12,10,daily_minus_buyhold,0.32622397058801633,0.2758707394580733,0.050353231129943055,0.7524747032916773,0.7098458070981796,0.042628896193497745,2172
full_common_12,10,weekly_minus_buyhold,0.3594465395249875,0.2758707394580733,0.08357580006691423,0.7848192247391113,0.7098458070981796,0.07497341764093168,2172
full_common_12,10,monthly_minus_buyhold,0.39032055568717605,0.2758707394580733,0.11444981622910277,0.8124678443824672,0.7098458070981796,0.10262203728428765,2172
full_common_12,10,daily_minus_monthly,0.32622397058801633,0.39032055568717605,-0.06409658509915972,0.7524747032916773,0.8124678443824672,-0.0599931410907899,2172
full_common_12,20,daily_minus_buyhold,0.31762935570025164,0.2756428963392563,0.04198645936099532,0.7438199612395543,0.7096418028570166,0.03417815838253768,2172
full_common_12,20,weekly_minus_buyhold,0.35560647128552025,0.2756428963392563,0.07996357494626394,0.7810907509437477,0.7096418028570166,0.07144894808673108,2172
full_common_12,20,monthly_minus_buyhold,0.38805488162384605,0.2756428963392563,0.11241198528458973,0.8103419494610455,0.7096418028570166,0.10070014660402893,2172
full_common_12,20,daily_minus_monthly,0.31762935570025164,0.38805488162384605,-0.07042552592359441,0.7438199612395543,0.8103419494610455,-0.06652198822149125,2172
full_common_12,50,daily_minus_buyhold,0.29217525817885703,0.2749581555247005,0.017217102654156546,0.7178520229648054,0.7090288689692207,0.008823153995584754,2172
full_common_12,50,weekly_minus_buyhold,0.3441477272550415,0.2749581555247005,0.06918957173034102,0.7699031897625894,0.7090288689692207,0.06087432079336874,2172
full_common_12,50,monthly_minus_buyhold,0.3812761409171648,0.2749581555247005,0.10631798539246429,0.8039605652591588,0.7090288689692207,0.09493169628993814,2172
full_common_12,50,daily_minus_monthly,0.29217525817885703,0.3812761409171648,-0.08910088273830774,0.7178520229648054,0.8039605652591588,-0.08610854229435339,2172
start_2018_no_dot,0,daily_minus_buyhold,0.2001574249804261,0.1387231944912255,0.0614342304892006,0.6322576554430291,0.5980267794380141,0.034230876005015065,3134
start_2018_no_dot,0,weekly_minus_buyhold,0.22540664904010388,0.1387231944912255,0.08668345454887838,0.6590823274388942,0.5980267794380141,0.06105554800088009,3134
start_2018_no_dot,0,monthly_minus_buyhold,0.23717733813574204,0.1387231944912255,0.09845414364451655,0.6712779915822111,0.5980267794380141,0.07325121214419705,3134
start_2018_no_dot,0,daily_minus_monthly,0.2001574249804261,0.23717733813574204,-0.03701991315531594,0.6322576554430291,0.6712779915822111,-0.03902033613918199,3134
start_2018_no_dot,5,daily_minus_buyhold,0.1961290710876722,0.13866363662193137,0.05746543446574082,0.6280364742265193,0.59796611763041,0.03007035659610935,3134
start_2018_no_dot,5,weekly_minus_buyhold,0.22361973372228605,0.13866363662193137,0.08495609710035468,0.6572667846305352,0.59796611763041,0.05930066700012526,3134
start_2018_no_dot,5,monthly_minus_buyhold,0.2361889438735607,0.13866363662193137,0.09752530725162933,0.6702903581562939,0.59796611763041,0.07232424052588393,3134
start_2018_no_dot,5,daily_minus_monthly,0.1961290710876722,0.2361889438735607,-0.04005987278588852,0.6280364742265193,0.6702903581562939,-0.04225388392977458,3134
start_2018_no_dot,10,daily_minus_buyhold,0.19211414879469424,0.1386040551105776,0.05351009368411663,0.6238150229556007,0.5979054327688608,0.025909590186739884,3134
start_2018_no_dot,10,weekly_minus_buyhold,0.2218353173596106,0.1386040551105776,0.08323126224903299,0.6554511508092502,0.5979054327688608,0.05754571804038944,3134
start_2018_no_dot,10,monthly_minus_buyhold,0.2352012255591589,0.1386040551105776,0.0965971704485813,0.6693025893943225,0.5979054327688608,0.07139715662546176,3134
start_2018_no_dot,10,daily_minus_monthly,0.19211414879469424,0.2352012255591589,-0.04308707676446466,0.6238150229556007,0.6693025893943225,-0.04548756643872187,3134
start_2018_no_dot,20,daily_minus_buyhold,0.18412442110803973,0.13848482108159965,0.045639600026440075,0.6153713141530108,0.5977839939063343,0.01758732024667653,3134
start_2018_no_dot,20,weekly_minus_buyhold,0.21827396801685905,0.13848482108159965,0.0797891469352594,0.6518196130198529,0.5977839939063343,0.05403561911351862,3134
start_2018_no_dot,20,monthly_minus_buyhold,0.2332278151462317,0.13848482108159965,0.09474299406463205,0.6673266475650947,0.5977839939063343,0.06954265365876044,3134
start_2018_no_dot,20,daily_minus_monthly,0.18412442110803973,0.2332278151462317,-0.04910339403819197,0.6153713141530108,0.6673266475650947,-0.051955333412083915,3134
start_2018_no_dot,50,daily_minus_buyhold,0.16047299732014442,0.1381265494982078,0.02234644782193662,0.5900338079654934,0.5974191246080992,-0.007385316642605777,3134
start_2018_no_dot,50,weekly_minus_buyhold,0.20764954514822564,0.1381265494982078,0.06952299565001785,0.6409228905519314,0.5974191246080992,0.04350376594383221,3134
start_2018_no_dot,50,monthly_minus_buyhold,0.22732376437763668,0.1381265494982078,0.08919721487942889,0.6613956183273715,0.5974191246080992,0.06397649371927228,3134
start_2018_no_dot,50,daily_minus_monthly,0.16047299732014442,0.22732376437763668,-0.06685076705749227,0.5900338079654934,0.6613956183273715,-0.07136181036187805,3134
start_2020_no_dot,0,daily_minus_buyhold,0.5277653463487006,0.4063599747166544,0.12140537163204623,0.9418007188381404,0.8292444125429473,0.11255630629519309,2404
start_2020_no_dot,0,weekly_minus_buyhold,0.5572437054746326,0.4063599747166544,0.15088373075797823,0.9646130168505196,0.8292444125429473,0.13536860430757225,2404
start_2020_no_dot,0,monthly_minus_buyhold,0.5934500237094531,0.4063599747166544,0.18709004899279869,0.9897705124613523,0.8292444125429473,0.16052609991840494,2404
start_2020_no_dot,0,daily_minus_monthly,0.5277653463487006,0.5934500237094531,-0.06568467736075245,0.9418007188381404,0.9897705124613523,-0.047969793623211854,2404
start_2020_no_dot,5,daily_minus_buyhold,0.5228772297968858,0.4062496083713907,0.1166276214254951,0.9376010735595912,0.8291518602687651,0.10844921329082613,2404
start_2020_no_dot,5,weekly_minus_buyhold,0.5550752224107962,0.4062496083713907,0.14882561403940553,0.9628022854352494,0.8291518602687651,0.1336504251664843,2404
start_2020_no_dot,5,monthly_minus_buyhold,0.5921846713358898,0.4062496083713907,0.18593506296449913,0.9887536601663719,0.8291518602687651,0.1596017998976068,2404
start_2020_no_dot,5,daily_minus_monthly,0.5228772297968858,0.5921846713358898,-0.06930744153900403,0.9376010735595912,0.9887536601663719,-0.05115258660678068,2404
start_2020_no_dot,10,daily_minus_buyhold,0.5180046179580295,0.40613919361716966,0.11186542434085989,0.9334012229528087,0.8290592649385464,0.10434195801426227,2404
start_2020_no_dot,10,weekly_minus_buyhold,0.5529096043770203,0.40613919361716966,0.14677041075985064,0.9609914280424515,0.8290592649385464,0.1319321631039051,2404
start_2020_no_dot,10,monthly_minus_buyhold,0.5909201520973695,0.40613919361716966,0.18478095848019982,0.9877366222833955,0.8290592649385464,0.1586773573448491,2404
start_2020_no_dot,10,daily_minus_monthly,0.5180046179580295,0.5909201520973695,-0.07291553413933993,0.9334012229528087,0.9877366222833955,-0.05433539933058684,2404
start_2020_no_dot,20,daily_minus_buyhold,0.5083057133139388,0.4059182186966215,0.10238749461731733,0.925000910810552,0.8288739451724891,0.09612696563806289,2404
start_2020_no_dot,20,weekly_minus_buyhold,0.5485869488401984,0.4059182186966215,0.14266873014357695,0.9573693386839025,0.8288739451724891,0.12849539351141337,2404
start_2020_no_dot,20,monthly_minus_buyhold,0.5883936110807393,0.4059182186966215,0.1824753923841178,0.9857019918435629,0.8288739451724891,0.15682804667107375,2404
start_2020_no_dot,20,daily_minus_monthly,0.5083057133139388,0.5883936110807393,-0.08008789776680048,0.925000910810552,0.9857019918435629,-0.06070108103301086,2404
start_2020_no_dot,50,daily_minus_buyhold,0.4795760671130902,0.4052541272916219,0.07432193982146829,0.8997951780132117,0.8283169541578176,0.07147822385539415,2404
start_2020_no_dot,50,weekly_minus_buyhold,0.5356873652052674,0.4052541272916219,0.13043323791364547,0.9465001345229903,0.8283169541578176,0.11818318036517272,2404
start_2020_no_dot,50,monthly_minus_buyhold,0.5808339327503456,0.4052541272916219,0.17557980545872365,0.9795937008104512,0.8283169541578176,0.15127674665263358,2404
start_2020_no_dot,50,daily_minus_monthly,0.4795760671130902,0.5808339327503456,-0.10125786563725536,0.8997951780132117,0.9795937008104512,-0.07979852279723942,2404
exclude_dot_same_window,0,daily_minus_buyhold,0.3745358506172334,0.293748256402951,0.08078759421428239,0.7991958531421797,0.7249674958640473,0.07422835727813237,2172
exclude_dot_same_window,0,weekly_minus_buyhold,0.40043233503134634,0.293748256402951,0.10668407862839535,0.8230770063530403,0.7249674958640473,0.09810951048899297,2172
exclude_dot_same_window,0,monthly_minus_buyhold,0.4346688355161663,0.293748256402951,0.14092057911321532,0.8517743421694547,0.7249674958640473,0.1268068463054074,2172
exclude_dot_same_window,0,daily_minus_monthly,0.3745358506172334,0.4346688355161663,-0.06013298489893293,0.7991958531421797,0.8517743421694547,-0.05257848902727502,2172
exclude_dot_same_window,5,daily_minus_buyhold,0.3701190839910278,0.2936323396221243,0.07648674436890346,0.7948929394261598,0.7248679418316822,0.07002499759447756,2172
exclude_dot_same_window,5,weekly_minus_buyhold,0.3984750432994224,0.2936323396221243,0.10484270367729809,0.8212261561040791,0.7248679418316822,0.09635821427239688,2172
exclude_dot_same_window,5,monthly_minus_buyhold,0.4335117770019745,0.2936323396221243,0.1398794373798502,0.8507223665823856,0.7248679418316822,0.1258544247507034,2172
exclude_dot_same_window,5,daily_minus_monthly,0.3701190839910278,0.4335117770019745,-0.06339269301094674,0.7948929394261598,0.8507223665823856,-0.05582942715622585,2172
exclude_dot_same_window,10,daily_minus_buyhold,0.3657163765488467,0.29351637139670106,0.07220000515214564,0.7905898552850882,0.7247683506042734,0.06582150468081482,2172
exclude_dot_same_window,10,weekly_minus_buyhold,0.396520336111023,0.29351637139670106,0.10300396471432194,0.8193752090075196,0.7247683506042734,0.09460685840324623,2172
exclude_dot_same_window,10,monthly_minus_buyhold,0.43235548385559097,0.29351637139670106,0.1388391124588899,0.8496702288847974,0.7247683506042734,0.12490187828052401,2172
exclude_dot_same_window,10,daily_minus_monthly,0.3657163765488467,0.43235548385559097,-0.06663910730674427,0.7905898552850882,0.8496702288847974,-0.05908037359970919,2172
exclude_dot_same_window,20,daily_minus_buyhold,0.3569529617698486,0.29328428041078514,0.06366868135906345,0.7819831816336571,0.7245690566341572,0.05741412499949994,2172
exclude_dot_same_window,20,weekly_minus_buyhold,0.3926186622591097,0.29328428041078514,0.09933438184832455,0.8156730280583442,0.7245690566341572,0.09110397142418702,2172
exclude_dot_same_window,20,monthly_minus_buyhold,0.43004519187068024,0.29328428041078514,0.1367609114598951,0.8475654695573664,0.7245690566341572,0.12299641292320929,2172
exclude_dot_same_window,20,daily_minus_monthly,0.3569529617698486,0.43004519187068024,-0.07309223010083166,0.7819831816336571,0.8475654695573664,-0.06558228792370935,2172
exclude_dot_same_window,50,daily_minus_buyhold,0.33099554918040597,0.2925867675356755,0.038408781644730494,0.7561592240759546,0.7239702838615076,0.03218894021444696,2172
exclude_dot_same_window,50,weekly_minus_buyhold,0.38097532971680814,0.2925867675356755,0.08838856218113267,0.8045642593375982,0.7239702838615076,0.0805939754760906,2172
exclude_dot_same_window,50,monthly_minus_buyhold,0.42313263809580004,0.2925867675356755,0.13054587056012457,0.8412473633538246,0.7239702838615076,0.11727707949231692,2172
exclude_dot_same_window,50,daily_minus_monthly,0.33099554918040597,0.42313263809580004,-0.09213708891539407,0.7561592240759546,0.8412473633538246,-0.08508813927786996,2172
